Video ID,idx_trial,trial,length,Final Color,Final X Position,Final Y Position,Final X Velocity,Final Y Velocity,PCCNVC,PCCOVC,PVC,length_ms,idx_time,side_left_right,side_top_bottom,idx_velocity_y,idx_position,idx_x_position,bounce_x_y,idx_pos_y_bounce,idx_y_position,last_visible_color_idx,last_visible_color,color_entered,color_next,color_after_next,correct_response,Dataset Block,Dataset Block Video,Bounces,Random Bounces,Color Change Bounce,Color Change Random,PCCNVC_effective,PCCOVC_effective,PVC_effective,Bounces observable,Random Bounces observable,Color Change Bounce observable,Color Change Random observable,PCCNVC_effective_observable,PCCOVC_effective_observable,PVC_effective_observable,Hazard Rate,Contingency,cwl
0,0,Catch,150,red,73.5,144.5,-26.880000000000003,-28.8,0.00875,0.1,0.09825,7500,-1,,,-1,-1,,,,,149,1,1,2,3,1,10,9,4,1,1,0,0.0,0.2,0.00684931506849315,1,1,1,0,0.0,0.5,0.01639344262295082,Low,Low,-1.0
1,1,Catch,150,blue,243.5,177.5,-26.880000000000003,-24.96,0.065,0.5,0.09825,7500,-1,,,-1,-1,,,,,149,3,3,1,2,3,1,11,2,3,2,4,0.027586206896551724,0.4,0.02027027027027027,1,1,1,2,0.02631578947368421,0.5,0.012987012987012988,High,Medium,-0.9724138
2,2,Catch,150,green,12.5,12.5,-26.880000000000003,-24.96,0.065,0.9,0.09825,7500,-1,,,-1,-1,,,,,149,2,2,3,1,2,5,15,3,2,3,1,0.006896551724137931,0.6,0.013605442176870748,1,1,2,0,0.0,1.0,0.027777777777777776,High,High,-0.99310344
3,3,Catch,150,green,182.5,243.5,-26.880000000000003,-28.8,0.00875,0.1,0.09825,7500,-1,,,-1,-1,,,,,149,2,2,3,1,2,4,12,4,2,0,1,0.006944444444444444,0.0,0.0136986301369863,1,2,0,0,0.0,0.0,0.0392156862745098,Low,Low,-0.9930556
4,4,Catch,150,blue,43.0,78.5,-26.880000000000003,-24.96,0.00875,0.5,0.09825,7500,-1,,,-1,-1,,,,,149,3,3,1,2,3,2,15,1,5,4,1,0.006944444444444444,0.6666666666666666,0.03355704697986577,0,4,3,1,0.012195121951219513,0.75,0.046511627906976744,Low,Medium,-0.9930556
5,5,Catch,150,red,213.0,210.5,-26.880000000000003,-28.8,0.065,0.9,0.09825,7500,-1,,,-1,-1,,,,,149,1,1,2,3,1,1,1,3,3,5,3,0.020833333333333332,0.8333333333333334,0.02040816326530612,1,1,2,1,0.014492753623188406,1.0,0.014285714285714285,High,High,-0.9791667
6,6,Catch,150,blue,73.5,45.5,-26.880000000000003,-24.96,0.065,0.1,0.09825,7500,-1,,,-1,-1,,,,,149,3,3,1,2,3,7,13,1,7,0,5,0.035211267605633804,0.0,0.04697986577181208,0,5,0,2,0.017857142857142856,0.0,0.042735042735042736,High,Low,-0.96478873
7,7,Catch,150,green,243.5,111.5,-26.880000000000003,-28.8,0.00875,0.5,0.09825,7500,-1,,,-1,-1,,,,,149,2,2,3,1,2,9,6,4,2,3,0,0.0,0.5,0.0136986301369863,1,1,1,0,0.0,0.5,0.015384615384615385,Low,Medium,-1.0
8,8,Catch,150,red,43.0,78.5,-26.880000000000003,-24.96,0.00875,0.9,0.09825,7500,-1,,,-1,-1,,,,,149,1,1,2,3,1,7,3,2,2,4,0,0.0,1.0,0.013513513513513514,0,1,1,0,0.0,1.0,0.013157894736842105,Low,High,-1.0
9,9,Catch,150,red,213.0,210.5,-26.880000000000003,-28.8,0.065,0.1,0.09825,7500,-1,,,-1,-1,,,,,149,1,1,2,3,1,7,11,2,3,1,3,0.020689655172413793,0.2,0.02027027027027027,1,2,0,2,0.03278688524590164,0.0,0.031746031746031744,High,Low,-0.97931033
10,10,Catch,150,green,12.5,144.5,-26.880000000000003,-24.96,0.065,0.5,0.09825,7500,-1,,,-1,-1,,,,,149,2,2,3,1,2,9,3,1,5,1,3,0.020833333333333332,0.16666666666666666,0.03355704697986577,1,3,1,3,0.029411764705882353,0.25,0.02857142857142857,High,Medium,-0.9791667
11,0,Straight,328,green,97.0,147.21428,26.880000000000003,-24.96,0.00875,0.1,0.09825,16400,0,0.0,0.0,0,-1,,,,,326,2,2,3,1,2,5,2,5,8,1,1,0.0031746031746031746,0.07692307692307693,0.02476780185758514,0,4,0,1,0.005714285714285714,0.0,0.0223463687150838,Low,Low,-0.99366087
12,1,Straight,198,red,97.0,113.21429,-26.880000000000003,28.8,0.065,0.5,0.09825,9900,2,1.0,1.0,1,-1,,,,,173,3,3,1,2,1,10,6,4,2,3,5,0.026041666666666668,0.5,0.010309278350515464,0,2,2,2,0.022727272727272728,1.0,0.022222222222222223,High,Medium,0.34894854
13,2,Straight,307,blue,128.0,221.93878,26.880000000000003,24.96,0.065,0.9,0.09825,15350,1,0.0,1.0,0,-1,,,,,294,2,2,3,1,3,9,10,5,6,11,7,0.02364864864864865,1.0,0.019867549668874173,1,3,4,2,0.015873015873015872,1.0,0.023255813953488372,High,High,0.23086737
14,3,Straight,183,red,159.0,20.0,26.880000000000003,-28.8,0.00875,0.1,0.09825,9150,2,0.0,0.0,1,-1,,,,,158,1,1,2,3,1,8,5,3,2,1,1,0.0056179775280898875,0.2,0.011111111111111112,2,0,1,0,0.0,0.5,0.0,Low,Low,-0.86898386
15,4,Straight,211,green,128.0,96.77551,-26.880000000000003,-28.8,0.00875,0.5,0.09825,10550,1,1.0,0.0,1,-1,,,,,198,2,2,3,1,2,5,5,4,2,5,1,0.004878048780487805,0.8333333333333334,0.00966183574879227,2,0,2,1,0.010416666666666666,1.0,0.0,Low,Medium,-0.9384402
16,5,Straight,167,blue,159.0,176.30612,-26.880000000000003,24.96,0.065,0.9,0.09825,8350,0,1.0,1.0,0,-1,,,,,165,3,3,1,2,3,3,12,4,0,3,5,0.03067484662576687,0.75,0.0,2,0,1,3,0.047619047619047616,0.5,0.0,High,High,-0.9395912
17,6,Straight,256,blue,97.0,218.45918,-26.880000000000003,28.8,0.065,0.1,0.09825,12800,2,1.0,1.0,1,-1,,,,,231,3,3,1,2,3,2,13,5,3,1,5,0.020161290322580645,0.125,0.01195219123505976,1,0,0,2,0.018867924528301886,0.0,0.0,High,Low,-0.61303633
18,7,Straight,194,green,128.0,104.36735,-26.880000000000003,-24.96,0.00875,0.5,0.09825,9700,1,1.0,0.0,0,-1,,,,,181,2,2,3,1,2,3,2,3,4,4,2,0.0106951871657754,0.5714285714285714,0.020942408376963352,0,2,2,0,0.0,1.0,0.022222222222222223,Low,Medium,-0.86985826
19,8,Straight,327,red,97.0,90.16327,26.880000000000003,-28.8,0.00875,0.9,0.09825,16350,0,0.0,0.0,1,-1,,,,,325,1,1,2,3,1,2,4,6,6,9,1,0.0031746031746031746,0.75,0.018691588785046728,2,2,3,1,0.006369426751592357,0.75,0.012578616352201259,Low,High,-0.99366087
20,9,Straight,183,green,97.0,56.34694,26.880000000000003,-24.96,0.065,0.1,0.09825,9150,0,0.0,0.0,0,-1,,,,,181,2,2,3,1,2,4,6,3,4,0,6,0.03409090909090909,0.0,0.022222222222222223,1,4,0,3,0.039473684210526314,0.0,0.05,High,Low,-0.93298036
21,10,Straight,159,red,159.0,236.0,26.880000000000003,28.8,0.065,0.5,0.09825,7950,2,0.0,1.0,1,-1,,,,,134,3,3,1,2,1,2,1,3,3,4,3,0.0196078431372549,0.6666666666666666,0.019230769230769232,0,1,1,2,0.029411764705882353,1.0,0.014492753623188406,High,Medium,0.3059995
22,11,Straight,231,blue,128.0,179.7551,-26.880000000000003,24.96,0.00875,0.9,0.09825,11550,1,1.0,1.0,0,-1,,,,,218,3,3,1,2,3,6,14,3,5,6,0,0.0,0.75,0.021929824561403508,0,3,3,0,0.0,1.0,0.02654867256637168,Low,High,-1.0
23,12,Straight,224,blue,159.0,216.10204,-26.880000000000003,24.96,0.00875,0.1,0.09825,11200,0,1.0,1.0,0,-1,,,,,222,3,3,1,2,3,3,6,3,5,1,1,0.004629629629629629,0.125,0.02262443438914027,0,2,1,0,0.0,0.5,0.02247191011235955,Low,Low,-0.9907622
24,13,Straight,309,red,159.0,216.10204,26.880000000000003,24.96,0.065,0.5,0.09825,15450,2,0.0,1.0,0,-1,,,,,284,2,2,3,1,1,5,11,2,8,5,6,0.020066889632107024,0.5,0.026058631921824105,0,4,1,3,0.018633540372670808,0.25,0.024242424242424242,High,Medium,0.07590308
25,14,Straight,426,green,128.0,71.18367,26.880000000000003,-28.8,0.065,0.9,0.09825,21300,1,0.0,0.0,1,-1,,,,,413,2,2,3,1,2,9,4,6,9,11,8,0.019464720194647202,0.7333333333333333,0.02142857142857143,1,6,5,4,0.019230769230769232,0.7142857142857143,0.028037383177570093,High,High,-0.77623373
26,15,Straight,207,red,128.0,118.42857,-26.880000000000003,-24.96,0.00875,0.1,0.09825,10350,1,1.0,0.0,0,-1,,,,,194,1,1,2,3,1,3,10,2,5,0,1,0.005,0.0,0.024390243902439025,0,2,0,0,0.0,0.0,0.019230769230769232,Low,Low,-0.9369487
27,16,Straight,151,green,159.0,203.79591,26.880000000000003,28.8,0.00875,0.5,0.09825,7550,2,0.0,1.0,1,-1,,,,,126,2,2,3,1,2,5,8,2,4,4,0,0.0,0.6666666666666666,0.026845637583892617,1,2,2,0,0.0,0.6666666666666666,0.025,Low,Medium,-1.0
28,17,Straight,208,blue,159.0,60.2551,-26.880000000000003,-28.8,0.065,0.9,0.09825,10400,0,1.0,0.0,1,-1,,,,,206,3,3,1,2,3,3,11,4,3,4,6,0.029850746268656716,0.5714285714285714,0.014705882352941176,2,1,2,1,0.010638297872340425,0.6666666666666666,0.010526315789473684,High,High,-0.9411896
29,18,Straight,163,red,128.0,137.57143,-26.880000000000003,24.96,0.065,0.1,0.09825,8150,1,1.0,1.0,0,-1,,,,,150,1,1,2,3,1,6,1,3,2,0,6,0.0379746835443038,0.0,0.0125,0,1,0,3,0.046875,0.0,0.015384615384615385,High,Low,-0.61517763
30,19,Straight,151,blue,97.0,20.0,26.880000000000003,-28.8,0.00875,0.5,0.09825,7550,0,0.0,0.0,1,-1,,,,,149,3,3,1,2,3,4,3,4,1,3,1,0.00684931506849315,0.6,0.006802721088435374,2,0,1,0,0.0,0.5,0.0,Low,Medium,-0.9863483
31,20,Straight,222,green,97.0,110.86735,-26.880000000000003,-24.96,0.00875,0.9,0.09825,11100,2,1.0,0.0,0,-1,,,,,197,2,2,3,1,2,5,16,2,5,6,1,0.004651162790697674,0.8571428571428571,0.022727272727272728,1,2,3,0,0.0,1.0,0.017543859649122806,Low,High,-0.8901942
32,21,Straight,167,blue,128.0,48.122448,26.880000000000003,-24.96,0.065,0.1,0.09825,8350,1,0.0,0.0,0,-1,,,,,154,2,2,3,1,3,3,5,3,3,0,8,0.049689440993788817,0.0,0.018292682926829267,1,0,0,3,0.04411764705882353,0.0,0.0,High,Low,0.35318038
33,22,Straight,251,green,97.0,165.83673,26.880000000000003,28.8,0.065,0.5,0.09825,12550,0,0.0,1.0,1,-1,,,,,249,2,2,3,1,2,1,16,4,4,3,5,0.0205761316872428,0.375,0.016194331983805668,0,1,1,2,0.01904761904761905,1.0,0.009433962264150943,High,Medium,-0.95927113
34,23,Straight,176,red,97.0,183.37755,-26.880000000000003,28.8,0.00875,0.9,0.09825,8800,2,1.0,1.0,1,-1,,,,,151,3,3,1,2,1,6,4,3,3,6,1,0.0058823529411764705,1.0,0.017341040462427744,1,1,2,1,0.009259259259259259,1.0,0.009174311926605505,Low,High,0.12765664
35,24,Straight,240,red,128.0,165.69388,26.880000000000003,24.96,0.00875,0.1,0.09825,12000,1,0.0,1.0,0,-1,,,,,227,1,1,2,3,1,6,5,2,5,0,1,0.004291845493562232,0.0,0.02100840336134454,0,2,0,0,0.0,0.0,0.014598540145985401,Low,Low,-0.94564205
36,25,Straight,164,green,159.0,29.94898,-26.880000000000003,-24.96,0.065,0.5,0.09825,8200,0,1.0,0.0,0,-1,,,,,162,2,2,3,1,2,8,6,3,3,2,3,0.0189873417721519,0.3333333333333333,0.018633540372670808,1,2,0,1,0.01694915254237288,0.0,0.03278688524590164,High,Medium,-0.96238583
37,26,Straight,224,blue,159.0,236.0,26.880000000000003,28.8,0.065,0.9,0.09825,11200,2,0.0,1.0,1,-1,,,,,199,2,2,3,1,3,10,14,4,4,8,4,0.018518518518518517,1.0,0.01818181818181818,1,1,2,2,0.01904761904761905,1.0,0.009433962264150943,High,High,0.29661345
38,27,Straight,156,red,97.0,37.540817,-26.880000000000003,-28.8,0.00875,0.1,0.09825,7800,2,1.0,0.0,1,-1,,,,,131,1,1,2,3,1,8,11,3,2,1,1,0.006622516556291391,0.2,0.013071895424836602,0,1,0,0,0.0,0.0,0.018518518518518517,Low,Low,-0.84752727
39,28,Straight,159,blue,97.0,130.7551,26.880000000000003,28.8,0.00875,0.5,0.09825,7950,0,0.0,1.0,1,-1,,,,,157,3,3,1,2,3,7,14,3,2,3,1,0.006493506493506494,0.6,0.01282051282051282,0,1,1,0,0.0,1.0,0.017543859649122806,Low,Medium,-0.9870551
40,29,Straight,187,green,128.0,20.0,-26.880000000000003,-24.96,0.065,0.9,0.09825,9350,1,1.0,0.0,0,-1,,,,,174,2,2,3,1,2,9,15,3,4,5,2,0.011111111111111112,0.7142857142857143,0.021739130434782608,1,2,2,1,0.011627906976744186,0.6666666666666666,0.022727272727272728,High,High,-0.8651544
41,30,Straight,244,blue,128.0,193.81633,26.880000000000003,24.96,0.065,0.1,0.09825,12200,1,0.0,1.0,0,-1,,,,,231,2,2,3,1,3,7,10,4,5,1,8,0.03404255319148936,0.1111111111111111,0.020833333333333332,1,3,1,3,0.02857142857142857,0.25,0.027777777777777776,High,Low,0.292756
42,31,Straight,153,red,97.0,165.83673,-26.880000000000003,28.8,0.00875,0.5,0.09825,7650,2,1.0,1.0,1,-1,,,,,128,3,3,1,2,1,3,16,3,1,1,2,0.013422818791946308,0.25,0.006666666666666667,0,0,0,1,0.0136986301369863,0.0,0.0,Low,Medium,0.24293074
43,32,Straight,340,green,159.0,76.35714,-26.880000000000003,-28.8,0.00875,0.9,0.09825,17000,0,1.0,0.0,1,-1,,,,,338,2,2,3,1,2,6,13,6,7,12,2,0.0061162079510703364,0.9230769230769231,0.020958083832335328,2,4,5,1,0.007246376811594203,0.8333333333333334,0.028169014084507043,Low,High,-0.987805
44,33,Straight,172,green,128.0,90.30612,-26.880000000000003,-24.96,0.065,0.1,0.09825,8600,1,1.0,0.0,0,-1,,,,,159,1,1,2,3,2,4,11,3,1,0,4,0.023809523809523808,0.0,0.005917159763313609,2,0,0,2,0.021739130434782608,0.0,0.0,High,Low,0.23198254
45,34,Straight,370,red,97.0,126.95918,26.880000000000003,24.96,0.065,0.5,0.09825,18500,0,0.0,1.0,0,-1,,,,,368,1,1,2,3,1,10,13,7,5,5,8,0.0223463687150838,0.4166666666666667,0.013774104683195593,1,1,1,5,0.029585798816568046,0.5,0.0058823529411764705,High,Medium,-0.9558066
46,35,Straight,239,blue,159.0,52.204082,26.880000000000003,-28.8,0.00875,0.9,0.09825,11950,2,0.0,0.0,1,-1,,,,,214,3,3,1,2,3,6,12,5,3,7,0,0.0,0.875,0.01282051282051282,1,1,2,0,0.0,1.0,0.009009009009009009,Low,High,-1.0
47,36,Straight,154,blue,97.0,236.0,26.880000000000003,28.8,0.00875,0.1,0.09825,7700,0,0.0,1.0,1,-1,,,,,152,3,3,1,2,3,9,12,2,3,2,1,0.006711409395973154,0.4,0.019736842105263157,1,2,2,0,0.0,0.6666666666666666,0.028985507246376812,Low,Low,-0.9866222
48,37,Straight,161,red,128.0,58.387756,-26.880000000000003,-28.8,0.065,0.5,0.09825,8050,1,1.0,0.0,1,-1,,,,,148,1,1,2,3,1,10,8,2,2,2,2,0.012738853503184714,0.5,0.012578616352201259,0,1,1,0,0.0,1.0,0.01020408163265306,High,Medium,-0.8469999
49,38,Straight,374,green,159.0,187.69388,26.880000000000003,28.8,0.065,0.9,0.09825,18700,2,0.0,1.0,1,-1,,,,,349,1,1,2,3,2,8,8,6,9,13,5,0.013927576601671309,0.8666666666666667,0.024456521739130436,2,4,5,2,0.010309278350515464,0.8333333333333334,0.020202020202020204,High,High,0.2490267
50,39,Straight,188,red,159.0,39.89796,-26.880000000000003,-24.96,0.00875,0.1,0.09825,9400,0,1.0,0.0,0,-1,,,,,186,1,1,2,3,1,9,8,5,2,1,2,0.011049723756906077,0.14285714285714285,0.01092896174863388,1,2,1,1,0.01818181818181818,0.3333333333333333,0.03508771929824561,Low,Low,-0.97802263
51,40,Straight,175,blue,97.0,108.78571,-26.880000000000003,24.96,0.00875,0.5,0.09825,8750,2,1.0,1.0,0,-1,,,,,150,3,3,1,2,3,6,2,2,3,3,1,0.0058823529411764705,0.6,0.017341040462427744,0,1,0,0,0.0,0.0,0.0136986301369863,Low,Medium,-0.8632796
52,41,Straight,153,green,128.0,48.122448,26.880000000000003,-24.96,0.065,0.9,0.09825,7650,1,0.0,0.0,0,-1,,,,,140,1,1,2,3,2,8,3,2,3,4,4,0.02702702702702703,0.8,0.019867549668874173,0,1,1,3,0.04054054054054054,1.0,0.013333333333333334,High,High,0.25319937
53,42,Straight,190,green,159.0,206.15306,-26.880000000000003,24.96,0.065,0.1,0.09825,9500,0,1.0,1.0,0,-1,,,,,188,2,2,3,1,2,10,10,4,3,1,4,0.02185792349726776,0.14285714285714285,0.016129032258064516,1,2,1,1,0.014925373134328358,0.3333333333333333,0.028985507246376812,High,Low,-0.9567619
54,43,Straight,160,blue,159.0,36.10204,26.880000000000003,-28.8,0.00875,0.5,0.09825,8000,2,0.0,0.0,1,-1,,,,,135,3,3,1,2,3,7,9,1,5,4,1,0.006493506493506494,0.6666666666666666,0.031446540880503145,1,1,2,1,0.009174311926605505,1.0,0.00909090909090909,Low,Medium,-0.8502498
55,44,Straight,282,red,128.0,179.7551,-26.880000000000003,24.96,0.00875,0.9,0.09825,14100,1,1.0,1.0,0,-1,,,,,269,1,1,2,3,1,9,9,4,6,9,1,0.003676470588235294,0.9,0.02158273381294964,0,3,3,0,0.0,1.0,0.023809523809523808,Low,High,-0.95325977
56,45,Straight,160,blue,159.0,216.10204,26.880000000000003,24.96,0.065,0.1,0.09825,8000,2,0.0,1.0,0,-1,,,,,135,2,2,3,1,3,10,11,3,1,1,7,0.04487179487179487,0.25,0.006369426751592357,1,0,0,2,0.029411764705882353,0.0,0.0,High,Low,0.3923624
57,46,Straight,269,red,128.0,96.77551,-26.880000000000003,-28.8,0.065,0.5,0.09825,13450,1,1.0,0.0,1,-1,,,,,256,3,3,1,2,1,3,1,4,7,7,6,0.023255813953488372,0.6363636363636364,0.026415094339622643,1,5,3,3,0.02586206896551724,0.5,0.04132231404958678,High,Medium,0.22812203
58,47,Straight,204,green,97.0,90.16327,26.880000000000003,-28.8,0.00875,0.9,0.09825,10200,0,0.0,0.0,1,-1,,,,,202,2,2,3,1,2,4,13,3,3,6,2,0.010101010101010102,1.0,0.014925373134328358,0,1,1,2,0.021739130434782608,1.0,0.010752688172043012,Low,High,-0.9799
59,48,Straight,172,green,159.0,187.69388,-26.880000000000003,28.8,0.00875,0.1,0.09825,8600,0,1.0,1.0,1,-1,,,,,170,2,2,3,1,2,3,3,2,3,0,1,0.005988023952095809,0.0,0.01764705882352941,1,1,0,1,0.012195121951219513,0.0,0.012048192771084338,Low,Low,-0.9880598
60,49,Straight,180,red,159.0,203.79591,26.880000000000003,28.8,0.065,0.5,0.09825,9000,2,0.0,1.0,1,-1,,,,,155,3,3,1,2,1,4,8,3,2,4,5,0.02857142857142857,0.8,0.011299435028248588,2,1,2,3,0.028037383177570093,0.6666666666666666,0.009259259259259259,High,Medium,0.36082256
61,50,Straight,152,blue,128.0,20.0,26.880000000000003,-28.8,0.065,0.9,0.09825,7600,1,0.0,0.0,1,-1,,,,,139,3,3,1,2,3,10,5,2,2,4,1,0.006756756756756757,1.0,0.013333333333333334,1,1,2,1,0.010869565217391304,1.0,0.010752688172043012,High,High,-0.91571885
62,51,Straight,177,blue,159.0,49.84694,-26.880000000000003,-24.96,0.00875,0.1,0.09825,8850,0,1.0,0.0,0,-1,,,,,175,3,3,1,2,3,7,5,1,4,1,1,0.005813953488372093,0.2,0.022727272727272728,0,2,0,0,0.0,0.0,0.024691358024691357,Low,Low,-0.9884059
63,52,Straight,246,red,97.0,108.78571,-26.880000000000003,24.96,0.00875,0.5,0.09825,12300,2,1.0,1.0,0,-1,,,,,221,1,1,2,3,1,4,1,3,4,4,1,0.0041841004184100415,0.5714285714285714,0.01646090534979424,2,1,2,0,0.0,0.6666666666666666,0.006993006993006993,Low,Medium,-0.90063846
64,53,Straight,250,green,128.0,76.244896,26.880000000000003,-24.96,0.065,0.9,0.09825,12500,1,0.0,0.0,0,-1,,,,,237,1,1,2,3,2,6,8,4,4,8,5,0.02066115702479339,1.0,0.016260162601626018,0,3,3,3,0.022727272727272728,1.0,0.022222222222222223,High,High,0.20917895
65,54,Straight,247,blue,128.0,172.0204,26.880000000000003,28.8,0.065,0.1,0.09825,12350,1,0.0,1.0,1,-1,,,,,234,2,2,3,1,3,5,9,2,7,2,6,0.025210084033613446,0.2222222222222222,0.02857142857142857,1,5,2,4,0.025974025974025976,0.3333333333333333,0.031446540880503145,High,Low,0.24146989
66,55,Straight,305,red,159.0,39.89796,-26.880000000000003,-24.96,0.00875,0.5,0.09825,15250,0,1.0,0.0,0,-1,,,,,303,1,1,2,3,1,2,8,3,8,6,2,0.006802721088435374,0.5454545454545454,0.026490066225165563,1,4,3,1,0.005847953216374269,0.6,0.022857142857142857,Low,Medium,-0.98644084
67,56,Straight,157,green,159.0,60.2551,26.880000000000003,-28.8,0.00875,0.9,0.09825,7850,2,0.0,0.0,1,-1,,,,,132,1,1,2,3,2,2,3,2,3,5,1,0.006578947368421052,1.0,0.01935483870967742,2,1,3,1,0.00909090909090909,1.0,0.009009009009009009,Low,High,0.14039798
68,57,Straight,156,blue,128.0,193.81633,-26.880000000000003,24.96,0.065,0.1,0.09825,7800,1,1.0,1.0,0,-1,,,,,143,3,3,1,2,3,8,10,1,5,0,4,0.02666666666666667,0.0,0.03225806451612903,0,3,0,1,0.013333333333333334,0.0,0.038461538461538464,High,Low,-0.7078608
69,58,Straight,210,green,97.0,113.21429,26.880000000000003,28.8,0.065,0.5,0.09825,10500,0,0.0,1.0,1,-1,,,,,208,2,2,3,1,2,3,15,3,2,2,6,0.02926829268292683,0.4,0.00966183574879227,0,0,0,2,0.023809523809523808,0.0,0.0,High,Medium,-0.94232005
70,59,Straight,170,red,97.0,110.86735,-26.880000000000003,-24.96,0.00875,0.9,0.09825,8500,2,1.0,0.0,0,-1,,,,,145,1,1,2,3,1,5,1,2,3,5,0,0.0,1.0,0.017857142857142856,2,0,2,0,0.0,1.0,0.0,Low,High,-1.0
71,60,Straight,159,blue,128.0,179.7551,26.880000000000003,24.96,0.00875,0.1,0.09825,7950,1,0.0,1.0,0,-1,,,,,146,2,2,3,1,3,1,9,2,3,1,3,0.01948051948051948,0.2,0.01910828025477707,0,2,1,1,0.012195121951219513,0.5,0.023809523809523808,Low,Low,0.20008102
72,61,Straight,362,red,159.0,60.2551,-26.880000000000003,-28.8,0.065,0.5,0.09825,18100,0,1.0,0.0,1,-1,,,,,360,1,1,2,3,1,9,11,6,7,9,6,0.017191977077363897,0.6923076923076923,0.019662921348314606,1,3,4,1,0.008264462809917356,1.0,0.024193548387096774,High,Medium,-0.9659116
73,62,Straight,191,green,159.0,227.94897,26.880000000000003,28.8,0.065,0.9,0.09825,9550,2,0.0,1.0,1,-1,,,,,166,2,2,3,1,2,6,6,4,1,3,3,0.016129032258064516,0.6,0.0053475935828877,1,0,1,1,0.011363636363636364,1.0,0.0,High,High,-0.672719
74,63,Straight,239,green,159.0,29.94898,-26.880000000000003,-24.96,0.00875,0.1,0.09825,11950,0,1.0,0.0,0,-1,,,,,237,2,2,3,1,2,2,2,2,4,1,2,0.008583690987124463,0.16666666666666666,0.016877637130801686,0,1,0,1,0.011235955056179775,0.0,0.011111111111111112,Low,Low,-0.9829063
75,64,Straight,440,blue,128.0,62.183674,26.880000000000003,-24.96,0.00875,0.5,0.09825,22000,1,0.0,0.0,0,-1,,,,,427,3,3,1,2,3,10,15,8,6,7,0,0.0,0.5,0.013888888888888888,2,3,3,0,0.0,0.6,0.013574660633484163,Low,Medium,-1.0
76,65,Straight,158,red,97.0,148.29591,-26.880000000000003,28.8,0.065,0.9,0.09825,7900,2,1.0,1.0,1,-1,,,,,133,3,3,1,2,1,8,4,2,3,3,3,0.0196078431372549,0.6,0.019230769230769232,2,1,3,2,0.01904761904761905,1.0,0.009433962264150943,High,High,0.3059995
77,66,Straight,208,blue,97.0,236.0,-26.880000000000003,24.96,0.065,0.1,0.09825,10400,2,1.0,1.0,0,-1,,,,,183,2,2,3,1,3,9,2,2,5,0,8,0.03980099502487562,0.0,0.024271844660194174,0,4,0,3,0.029411764705882353,0.0,0.03773584905660377,High,Low,0.38897362
78,67,Straight,181,red,97.0,37.540817,26.880000000000003,-28.8,0.00875,0.5,0.09825,9050,0,0.0,0.0,1,-1,,,,,179,1,1,2,3,1,2,7,4,0,2,2,0.011299435028248588,0.5,0.0,2,0,1,1,0.012987012987012988,0.5,0.0,Low,Medium,-0.9775288
79,68,Straight,237,green,128.0,184.81633,26.880000000000003,28.8,0.00875,0.9,0.09825,11850,1,0.0,1.0,1,-1,,,,,224,2,2,3,1,2,4,5,6,2,7,0,0.0,0.875,0.008658008658008658,2,0,2,0,0.0,1.0,0.0,Low,High,-1.0
80,69,Straight,221,green,97.0,199.65306,26.880000000000003,24.96,0.065,0.1,0.09825,11050,0,0.0,1.0,0,-1,,,,,219,2,2,3,1,2,5,4,5,1,0,6,0.027906976744186046,0.0,0.004629629629629629,1,1,0,1,0.015151515151515152,0.0,0.014925373134328358,High,Low,-0.9449648
81,70,Straight,211,red,128.0,20.0,-26.880000000000003,-28.8,0.065,0.5,0.09825,10550,1,1.0,0.0,1,-1,,,,,198,1,1,2,3,1,10,1,4,1,2,6,0.02912621359223301,0.4,0.004830917874396135,2,0,0,3,0.03125,0.0,0.0,High,Medium,-0.6862105
82,71,Straight,357,blue,97.0,147.21428,-26.880000000000003,-24.96,0.00875,0.9,0.09825,17850,2,1.0,0.0,0,-1,,,,,332,3,3,1,2,3,1,6,6,7,10,2,0.005813953488372093,0.7692307692307693,0.019943019943019943,2,3,2,1,0.0056179775280898875,0.4,0.016574585635359115,Low,High,-0.86475146
83,72,Straight,182,green,97.0,90.16327,26.880000000000003,-28.8,0.00875,0.1,0.09825,9100,0,0.0,0.0,1,-1,,,,,180,2,2,3,1,2,9,1,4,1,0,2,0.011299435028248588,0.0,0.0056179775280898875,1,0,0,1,0.012048192771084338,0.0,0.0,Low,Low,-0.9775288
84,73,Straight,256,red,128.0,146.42857,26.880000000000003,28.8,0.065,0.5,0.09825,12800,1,0.0,1.0,1,-1,,,,,243,3,3,1,2,1,10,7,4,6,4,6,0.024390243902439025,0.4,0.023809523809523808,1,2,1,3,0.02830188679245283,0.3333333333333333,0.018518518518518517,High,Medium,0.23596424
85,74,Straight,163,blue,97.0,125.244896,-26.880000000000003,-28.8,0.065,0.9,0.09825,8150,2,1.0,0.0,1,-1,,,,,138,2,2,3,1,3,10,2,3,2,4,4,0.02531645569620253,0.8,0.0125,1,1,2,2,0.023809523809523808,1.0,0.011764705882352941,High,High,0.34506944
86,75,Straight,392,blue,97.0,145.13266,-26.880000000000003,24.96,0.00875,0.1,0.09825,19600,2,1.0,1.0,0,-1,,,,,367,3,3,1,2,3,2,10,5,9,1,2,0.005291005291005291,0.07142857142857142,0.023255813953488372,3,2,0,2,0.009433962264150943,0.0,0.009345794392523364,Low,Low,-0.8760955
87,0,Bounce,348,green,110.44,232.1,26.880000000000003,-28.8,0.00875,0.1,0.09825,17400,-1,0.0,1.0,1,-1,0.0,,,,341,2,2,3,1,2,8,14,7,4,1,4,0.011869436201780416,0.09090909090909091,0.011730205278592375,2,3,0,1,0.007194244604316547,0.0,0.02112676056338028,Low,Low,-0.84645206
88,1,Bounce,186,blue,145.56,21.98,-26.880000000000003,24.96,0.065,0.5,0.09825,9300,-1,1.0,0.0,0,-1,1.0,,,,179,2,2,3,1,3,10,12,4,1,1,2,0.011049723756906077,0.2,0.005494505494505495,2,1,1,1,0.012345679012345678,0.3333333333333333,0.012195121951219513,High,Medium,0.23727907
89,2,Bounce,170,red,145.56,234.02,-26.880000000000003,-24.96,0.065,0.9,0.09825,8500,-1,1.0,1.0,0,-1,1.0,,,,163,3,3,1,2,1,1,7,5,2,7,2,0.012269938650306749,1.0,0.012121212121212121,3,1,4,1,0.015625,1.0,0.015384615384615385,High,High,0.9286376
90,3,Bounce,261,blue,110.44,232.1,26.880000000000003,-28.8,0.00875,0.1,0.09825,13050,-1,0.0,1.0,1,-1,0.0,,,,254,3,3,1,2,3,4,10,6,6,1,2,0.008032128514056224,0.08333333333333333,0.023529411764705882,1,5,0,0,0.0,0.0,0.04672897196261682,Low,Low,-0.873455
91,4,Bounce,199,green,110.44,21.98,26.880000000000003,24.96,0.00875,0.5,0.09825,9950,-1,0.0,0.0,0,-1,0.0,,,,192,1,1,2,3,2,3,4,4,2,4,1,0.0051813471502590676,0.6666666666666666,0.010256410256410256,2,1,2,1,0.011627906976744186,0.6666666666666666,0.011494252873563218,Low,Medium,0.65630674
92,5,Bounce,300,red,145.56,23.9,-26.880000000000003,28.8,0.065,0.9,0.09825,15000,-1,1.0,0.0,1,-1,1.0,,,,293,3,3,1,2,1,3,14,4,8,10,7,0.024305555555555556,0.8333333333333334,0.02702702702702703,2,2,4,3,0.023809523809523808,1.0,0.015625,High,High,0.74067
93,6,Bounce,194,red,110.44,234.02,26.880000000000003,-24.96,0.065,0.1,0.09825,9700,-1,0.0,1.0,0,-1,0.0,,,,187,1,1,2,3,1,4,9,3,4,0,5,0.026737967914438502,0.0,0.020942408376963352,1,2,0,3,0.02586206896551724,0.0,0.01694915254237288,High,Low,-0.8502737
94,7,Bounce,294,green,145.56,234.02,-26.880000000000003,-24.96,0.00875,0.5,0.09825,14700,-1,1.0,1.0,0,-1,1.0,,,,287,2,2,3,1,2,2,14,5,5,6,1,0.0035211267605633804,0.6,0.01730103806228374,2,2,3,1,0.00641025641025641,0.75,0.012658227848101266,Low,Medium,-0.39173374
95,8,Bounce,349,blue,110.44,232.1,26.880000000000003,-28.8,0.00875,0.9,0.09825,17450,-1,0.0,1.0,1,-1,0.0,,,,342,2,2,3,1,3,6,11,7,6,12,0,0.0,0.9230769230769231,0.017543859649122806,4,1,5,0,0.0,1.0,0.006211180124223602,Low,High,0.9230769
96,9,Bounce,283,blue,145.56,23.9,-26.880000000000003,28.8,0.065,0.1,0.09825,14150,-1,1.0,0.0,1,-1,1.0,,,,276,2,2,3,1,3,1,2,7,4,0,9,0.03308823529411765,0.0,0.014492753623188406,1,3,0,3,0.030303030303030304,0.0,0.029411764705882353,High,Low,0.1678041
97,10,Bounce,174,red,110.44,23.9,26.880000000000003,28.8,0.065,0.5,0.09825,8700,-1,0.0,0.0,1,-1,0.0,,,,167,1,1,2,3,1,5,13,4,4,5,3,0.018072289156626505,0.625,0.023529411764705882,2,1,1,1,0.014492753623188406,0.3333333333333333,0.014285714285714285,High,Medium,-0.3390193
98,11,Bounce,198,green,145.56,21.98,-26.880000000000003,24.96,0.00875,0.9,0.09825,9900,-1,1.0,0.0,0,-1,1.0,,,,191,1,1,2,3,2,9,13,3,6,9,1,0.005291005291005291,1.0,0.03076923076923077,1,2,3,0,0.0,1.0,0.029850746268656716,Low,High,0.9686738
99,12,Bounce,159,blue,110.44,232.1,26.880000000000003,-28.8,0.00875,0.1,0.09825,7950,-1,0.0,1.0,1,-1,0.0,,,,152,3,3,1,2,3,3,8,4,2,0,0,0.0,0.0,0.012903225806451613,2,0,0,0,0.0,0.0,0.0,Low,Low,-1.0
100,13,Bounce,249,green,145.56,23.9,-26.880000000000003,28.8,0.065,0.5,0.09825,12450,-1,1.0,0.0,1,-1,1.0,,,,242,1,1,2,3,2,8,13,5,4,6,5,0.020833333333333332,0.6666666666666666,0.01639344262295082,2,2,3,2,0.016260162601626018,0.75,0.016,High,Medium,0.62517256
101,14,Bounce,162,red,145.56,21.98,-26.880000000000003,24.96,0.065,0.9,0.09825,8100,-1,1.0,0.0,0,-1,1.0,,,,155,3,3,1,2,1,4,15,3,3,6,2,0.01282051282051282,1.0,0.018867924528301886,2,2,4,0,0.0,1.0,0.029411764705882353,High,High,0.9255412
102,15,Bounce,159,blue,110.44,234.02,26.880000000000003,-24.96,0.00875,0.1,0.09825,7950,-1,0.0,1.0,0,-1,0.0,,,,152,3,3,1,2,3,2,16,2,6,0,0,0.0,0.0,0.03821656050955414,1,3,0,0,0.0,0.0,0.04225352112676056,Low,Low,-1.0
103,16,Bounce,247,red,145.56,232.1,-26.880000000000003,-28.8,0.00875,0.5,0.09825,12350,-1,1.0,1.0,1,-1,1.0,,,,240,3,3,1,2,1,9,7,4,4,5,1,0.0041841004184100415,0.625,0.01646090534979424,2,2,3,1,0.008130081300813009,0.75,0.016,Low,Medium,0.61869264
104,17,Bounce,159,green,110.44,21.98,26.880000000000003,24.96,0.065,0.9,0.09825,7950,-1,0.0,0.0,0,-1,0.0,,,,152,1,1,2,3,2,4,14,4,1,5,1,0.006493506493506494,1.0,0.0064516129032258064,1,1,2,0,0.0,1.0,0.017857142857142856,High,High,0.96167135
105,18,Bounce,233,blue,145.56,23.9,-26.880000000000003,28.8,0.065,0.1,0.09825,11650,-1,1.0,0.0,1,-1,1.0,,,,226,2,2,3,1,3,7,15,3,4,0,5,0.022123893805309734,0.0,0.017391304347826087,2,2,0,2,0.016260162601626018,0.0,0.016,High,Low,0.118698314
106,19,Bounce,173,red,110.44,234.02,26.880000000000003,-24.96,0.00875,0.5,0.09825,8650,-1,0.0,1.0,0,-1,0.0,,,,166,3,3,1,2,1,5,6,4,2,6,0,0.0,1.0,0.011834319526627219,1,1,2,0,0.0,1.0,0.015384615384615385,Low,Medium,1.0
107,20,Bounce,151,green,110.44,234.02,26.880000000000003,-24.96,0.00875,0.9,0.09825,7550,-1,0.0,1.0,0,-1,0.0,,,,144,1,1,2,3,2,1,13,3,3,6,0,0.0,1.0,0.02027027027027027,1,1,2,0,0.0,1.0,0.02,Low,High,1.0
108,21,Bounce,428,red,110.44,23.9,26.880000000000003,28.8,0.065,0.1,0.09825,21400,-1,0.0,0.0,1,-1,0.0,,,,421,1,1,2,3,1,2,12,7,9,3,7,0.01699029126213592,0.1875,0.021377672209026127,3,6,2,2,0.009478672985781991,0.2222222222222222,0.027649769585253458,High,Low,-0.7339456
109,22,Bounce,264,green,145.56,21.98,-26.880000000000003,24.96,0.065,0.5,0.09825,13200,-1,1.0,0.0,0,-1,1.0,,,,257,2,2,3,1,2,7,12,5,4,6,5,0.0196078431372549,0.6666666666666666,0.015444015444015444,1,3,2,2,0.021052631578947368,0.5,0.030612244897959183,High,Medium,-0.29958972
110,23,Bounce,331,blue,145.56,232.1,-26.880000000000003,-28.8,0.00875,0.9,0.09825,16550,-1,1.0,1.0,1,-1,1.0,,,,324,2,2,3,1,3,6,15,6,8,12,1,0.0031545741324921135,0.8571428571428571,0.024615384615384615,3,3,6,0,0.0,1.0,0.025210084033613446,Low,High,0.8437088
111,24,Bounce,167,red,110.44,232.1,26.880000000000003,-28.8,0.00875,0.1,0.09825,8350,-1,0.0,1.0,1,-1,0.0,,,,160,1,1,2,3,1,9,14,2,5,1,0,0.0,0.14285714285714285,0.030303030303030304,2,1,0,0,0.0,0.0,0.011494252873563218,Low,Low,-0.85714287
112,25,Bounce,185,blue,145.56,21.98,-26.880000000000003,24.96,0.065,0.5,0.09825,9250,-1,1.0,0.0,0,-1,1.0,,,,178,3,3,1,2,3,5,3,4,1,3,3,0.016666666666666666,0.6,0.0055248618784530384,1,1,1,1,0.012345679012345678,0.5,0.012195121951219513,High,Medium,-0.36400276
113,26,Bounce,215,green,110.44,21.98,26.880000000000003,24.96,0.065,0.9,0.09825,10750,-1,0.0,0.0,0,-1,0.0,,,,208,1,1,2,3,2,1,14,4,5,9,2,0.009708737864077669,1.0,0.023696682464454975,1,2,3,0,0.0,1.0,0.02702702702702703,High,High,0.9431611
114,27,Bounce,207,red,145.56,232.1,-26.880000000000003,-28.8,0.00875,0.1,0.09825,10350,-1,1.0,1.0,1,-1,1.0,,,,200,1,1,2,3,1,1,10,3,5,1,1,0.005025125628140704,0.125,0.024509803921568627,2,3,1,1,0.009009009009009009,0.2,0.02631578947368421,Low,Low,-0.8489959
115,28,Bounce,181,blue,145.56,234.02,-26.880000000000003,-24.96,0.00875,0.5,0.09825,9050,-1,1.0,1.0,0,-1,1.0,,,,174,2,2,3,1,3,10,3,5,3,6,0,0.0,0.75,0.017045454545454544,2,1,2,0,0.0,0.6666666666666666,0.012987012987012988,Low,Medium,0.75
116,29,Bounce,180,green,110.44,23.9,26.880000000000003,28.8,0.065,0.9,0.09825,9000,-1,0.0,0.0,1,-1,0.0,,,,173,1,1,2,3,2,6,16,5,2,6,3,0.017341040462427744,0.8571428571428571,0.011428571428571429,1,2,2,1,0.016666666666666666,0.6666666666666666,0.03225806451612903,High,High,0.78544235
117,30,Bounce,165,green,110.44,234.02,26.880000000000003,-24.96,0.065,0.1,0.09825,8250,-1,0.0,1.0,0,-1,0.0,,,,158,2,2,3,1,2,1,15,3,4,0,5,0.03164556962025317,0.0,0.024691358024691357,2,1,0,2,0.023255813953488372,0.0,0.011494252873563218,High,Low,-0.8251048
118,31,Bounce,163,red,145.56,232.1,-26.880000000000003,-28.8,0.00875,0.5,0.09825,8150,-1,1.0,1.0,1,-1,1.0,,,,156,1,1,2,3,1,10,4,4,2,3,1,0.006369426751592357,0.5,0.012578616352201259,2,2,2,0,0.0,0.5,0.03389830508474576,Low,Medium,-0.48149255
119,32,Bounce,279,blue,145.56,21.98,-26.880000000000003,24.96,0.00875,0.9,0.09825,13950,-1,1.0,0.0,0,-1,1.0,,,,272,2,2,3,1,3,1,8,5,6,10,0,0.0,0.9090909090909091,0.021897810218978103,2,2,4,0,0.0,1.0,0.017241379310344827,Low,High,0.90909094
120,33,Bounce,301,red,145.56,234.02,-26.880000000000003,-24.96,0.065,0.1,0.09825,15050,-1,1.0,1.0,0,-1,1.0,,,,294,3,3,1,2,1,3,13,4,7,1,8,0.027586206896551724,0.09090909090909091,0.02356902356902357,2,3,1,5,0.031446540880503145,0.2,0.018518518518518517,High,Low,0.2077346
121,34,Bounce,169,blue,110.44,23.9,26.880000000000003,28.8,0.065,0.5,0.09825,8450,-1,0.0,0.0,1,-1,0.0,,,,162,2,2,3,1,3,2,5,2,5,2,5,0.030864197530864196,0.2857142857142857,0.029940119760479042,1,1,1,2,0.030303030303030304,0.5,0.014925373134328358,High,Medium,0.34996876
122,35,Bounce,327,green,110.44,23.9,26.880000000000003,28.8,0.00875,0.9,0.09825,16350,-1,0.0,0.0,1,-1,0.0,,,,320,2,2,3,1,2,7,4,6,6,10,2,0.006349206349206349,0.8333333333333334,0.018691588785046728,1,4,3,0,0.0,0.6,0.03278688524590164,Low,High,-0.16090947
123,36,Bounce,290,blue,110.44,21.98,26.880000000000003,24.96,0.00875,0.1,0.09825,14500,-1,0.0,0.0,0,-1,0.0,,,,283,3,3,1,2,3,7,1,7,5,1,3,0.01079136690647482,0.08333333333333333,0.0176678445229682,1,3,0,2,0.020202020202020204,0.0,0.029411764705882353,Low,Low,-0.8590542
124,0,Nonwall,293,green,110.44,144.12572,26.880000000000003,24.96,0.00875,0.1,0.09825,14650,-1,0.0,1.0,0,-1,0.0,0.0,4.0,16.0,286,1,1,2,3,2,9,5,6,5,3,3,0.010638297872340425,0.2727272727272727,0.017421602787456445,2,2,2,0,0.0,0.5,0.019230769230769232,Low,Low,0.2997865
125,1,Nonwall,264,red,110.44,97.29143,26.880000000000003,-24.96,0.065,0.5,0.09825,13200,-1,0.0,0.0,0,-1,0.0,0.0,1.0,2.0,257,3,3,1,2,1,4,4,6,3,3,5,0.0196078431372549,0.3333333333333333,0.011627906976744186,2,2,3,2,0.016,0.75,0.015748031496062992,High,Medium,0.36707696
126,2,Nonwall,228,blue,110.44,166.0,26.880000000000003,24.96,0.065,0.9,0.09825,11400,-1,0.0,1.0,0,-1,0.0,0.0,7.0,20.0,221,2,2,3,1,3,8,2,5,2,7,5,0.02262443438914027,1.0,0.008968609865470852,2,2,4,3,0.024793388429752067,1.0,0.016260162601626018,High,High,0.8719199
127,3,Nonwall,265,red,145.56,139.02856,-26.880000000000003,28.8,0.00875,0.1,0.09825,13250,-1,1.0,1.0,1,-1,1.0,0.0,3.0,15.0,258,1,1,2,3,1,1,12,6,4,0,1,0.00392156862745098,0.0,0.015444015444015444,2,1,0,0,0.0,0.0,0.007352941176470588,Low,Low,-0.97670126
128,4,Nonwall,201,blue,145.56,103.48572,-26.880000000000003,-28.8,0.00875,0.5,0.09825,10050,-1,1.0,0.0,1,-1,1.0,0.0,2.0,3.0,194,3,3,1,2,3,9,16,4,3,3,1,0.005154639175257732,0.42857142857142855,0.015228426395939087,1,1,0,1,0.011494252873563218,0.0,0.011363636363636364,Low,Medium,-0.5541506
129,5,Nonwall,167,green,145.56,137.2,-26.880000000000003,-28.8,0.065,0.9,0.09825,8350,-1,1.0,0.0,1,-1,1.0,0.0,7.0,14.0,160,1,1,2,3,2,3,17,3,4,7,3,0.01875,1.0,0.024390243902439025,2,1,3,1,0.011627906976744186,1.0,0.011494252873563218,High,High,0.892768
130,6,Nonwall,270,blue,145.56,151.41714,-26.880000000000003,24.96,0.065,0.1,0.09825,13500,-1,1.0,1.0,0,-1,1.0,0.0,5.0,18.0,263,3,3,1,2,3,6,9,5,5,0,9,0.03461538461538462,0.0,0.018867924528301886,1,2,0,3,0.021897810218978103,0.0,0.014388489208633094,High,Low,-0.8102191
131,7,Nonwall,156,red,145.56,137.2,-26.880000000000003,-28.8,0.00875,0.5,0.09825,7800,-1,1.0,0.0,1,-1,1.0,0.0,7.0,14.0,149,3,3,1,2,1,5,12,4,2,4,1,0.006666666666666667,0.6666666666666666,0.013157894736842105,1,1,1,0,0.0,0.5,0.017543859649122806,Low,Medium,0.6533392
132,8,Nonwall,197,green,110.44,96.74286,26.880000000000003,-28.8,0.00875,0.9,0.09825,9850,-1,0.0,0.0,1,-1,0.0,0.0,1.0,1.0,190,1,1,2,3,2,2,11,4,4,8,0,0.0,1.0,0.02072538860103627,2,1,3,0,0.0,1.0,0.011494252873563218,Low,High,1.0
133,9,Nonwall,188,green,110.44,152.51428,26.880000000000003,28.8,0.065,0.1,0.09825,9400,-1,0.0,1.0,1,-1,0.0,0.0,5.0,19.0,181,1,1,2,3,2,10,16,3,4,1,5,0.027624309392265192,0.14285714285714285,0.021621621621621623,1,1,0,3,0.02857142857142857,0.0,0.009433962264150943,High,Low,0.24431768
134,10,Nonwall,165,red,110.44,133.74857,26.880000000000003,-24.96,0.065,0.5,0.09825,8250,-1,0.0,0.0,0,-1,0.0,0.0,6.0,12.0,158,3,3,1,2,1,8,15,4,4,6,3,0.01910828025477707,0.75,0.024844720496894408,2,1,2,1,0.016666666666666666,0.6666666666666666,0.01639344262295082,High,Medium,0.6941431
135,11,Nonwall,268,blue,145.56,136.83429,-26.880000000000003,24.96,0.00875,0.9,0.09825,13400,-1,1.0,1.0,0,-1,1.0,0.0,3.0,13.0,261,2,2,3,1,3,6,3,4,6,7,1,0.003875968992248062,0.7,0.022727272727272728,2,3,3,0,0.0,0.6,0.02608695652173913,Low,High,0.6907212
136,12,Nonwall,331,red,110.44,118.8,26.880000000000003,28.8,0.00875,0.1,0.09825,16550,-1,0.0,1.0,1,-1,0.0,0.0,0.0,7.0,324,1,1,2,3,1,8,7,7,7,2,0,0.0,0.14285714285714285,0.021604938271604937,2,2,2,0,0.0,0.5,0.012987012987012988,Low,Low,-0.85714287
137,13,Nonwall,253,blue,110.44,116.97143,26.880000000000003,-28.8,0.065,0.5,0.09825,12650,-1,0.0,0.0,1,-1,0.0,0.0,4.0,6.0,246,2,2,3,1,3,4,2,5,4,6,4,0.01639344262295082,0.6666666666666666,0.016129032258064516,2,1,2,3,0.025210084033613446,0.6666666666666666,0.008333333333333333,High,Medium,0.6339647
138,14,Nonwall,213,green,110.44,104.582855,26.880000000000003,-24.96,0.065,0.9,0.09825,10650,-1,0.0,0.0,0,-1,0.0,0.0,2.0,4.0,206,1,1,2,3,2,3,9,5,4,9,3,0.014705882352941176,1.0,0.019230769230769232,2,3,5,1,0.010752688172043012,1.0,0.03125,High,High,0.9150066
139,15,Nonwall,211,red,145.56,118.8,-26.880000000000003,28.8,0.00875,0.1,0.09825,10550,-1,1.0,1.0,1,-1,1.0,0.0,0.0,7.0,204,1,1,2,3,1,8,16,4,4,0,1,0.0049261083743842365,0.0,0.01932367149758454,2,1,0,0,0.0,0.0,0.009433962264150943,Low,Low,-0.9708073
140,16,Nonwall,213,blue,145.56,122.25143,-26.880000000000003,24.96,0.00875,0.5,0.09825,10650,-1,1.0,1.0,0,-1,1.0,0.0,1.0,9.0,206,2,2,3,1,3,7,6,5,4,2,1,0.004901960784313725,0.2222222222222222,0.019230769230769232,2,2,1,1,0.008928571428571428,0.25,0.017543859649122806,Low,Medium,0.23808698
141,17,Nonwall,155,green,145.56,133.74857,-26.880000000000003,-24.96,0.065,0.9,0.09825,7750,-1,1.0,0.0,0,-1,1.0,0.0,6.0,12.0,148,1,1,2,3,2,8,9,3,3,6,2,0.013422818791946308,1.0,0.019736842105263157,1,1,2,1,0.015625,1.0,0.015384615384615385,High,High,0.9221642
142,18,Nonwall,186,green,145.56,104.582855,-26.880000000000003,-24.96,0.065,0.1,0.09825,9300,-1,1.0,0.0,0,-1,1.0,0.0,2.0,4.0,179,2,2,3,1,2,8,12,4,2,0,5,0.027777777777777776,0.0,0.01098901098901099,1,1,0,2,0.023809523809523808,0.0,0.011764705882352941,High,Low,-0.8448815
143,19,Nonwall,322,blue,110.44,151.41714,26.880000000000003,24.96,0.00875,0.5,0.09825,16100,-1,0.0,1.0,0,-1,0.0,0.0,5.0,18.0,315,2,2,3,1,3,5,10,7,7,10,1,0.003246753246753247,0.7142857142857143,0.022222222222222223,3,2,3,0,0.0,0.6,0.015873015873015872,Low,Medium,0.70596015
144,20,Nonwall,157,red,145.56,90.0,-26.880000000000003,-28.8,0.00875,0.9,0.09825,7850,-1,1.0,0.0,1,-1,1.0,0.0,0.0,0.0,150,3,3,1,2,1,4,7,2,3,4,0,0.0,0.8,0.01935483870967742,1,1,2,0,0.0,1.0,0.011363636363636364,Low,High,0.8
145,21,Nonwall,309,green,110.44,139.02856,26.880000000000003,28.8,0.065,0.1,0.09825,15450,-1,0.0,1.0,1,-1,0.0,0.0,3.0,15.0,302,2,2,3,1,2,7,8,4,8,2,5,0.016835016835016835,0.16666666666666666,0.02622950819672131,1,5,1,3,0.018404907975460124,0.16666666666666666,0.02976190476190476,High,Low,-0.75336003
146,22,Nonwall,242,blue,145.56,133.74857,-26.880000000000003,-24.96,0.065,0.5,0.09825,12100,-1,1.0,0.0,0,-1,1.0,0.0,6.0,12.0,235,2,2,3,1,3,4,16,6,1,4,6,0.02553191489361702,0.5714285714285714,0.00423728813559322,1,0,1,2,0.022727272727272728,1.0,0.0,High,Medium,0.5471595
147,23,Nonwall,302,red,110.44,145.77142,26.880000000000003,28.8,0.00875,0.9,0.09825,15100,-1,0.0,1.0,1,-1,0.0,0.0,4.0,17.0,295,3,3,1,2,1,1,3,6,6,11,1,0.0034482758620689655,0.9166666666666666,0.02027027027027027,2,3,5,0,0.0,1.0,0.03125,Low,High,0.89955926
148,24,Nonwall,323,blue,145.56,129.54286,-26.880000000000003,24.96,0.00875,0.1,0.09825,16150,-1,1.0,1.0,0,-1,1.0,0.0,2.0,11.0,316,3,3,1,2,3,2,9,4,8,2,0,0.0,0.16666666666666666,0.025078369905956112,2,3,0,0,0.0,0.0,0.01910828025477707,Low,Low,-0.8333333
149,25,Nonwall,156,green,110.44,145.77142,26.880000000000003,28.8,0.065,0.5,0.09825,7800,-1,0.0,1.0,1,-1,0.0,0.0,4.0,17.0,149,1,1,2,3,2,7,7,4,2,5,2,0.013333333333333334,0.8333333333333334,0.013157894736842105,1,1,2,1,0.013888888888888888,1.0,0.0136986301369863,High,Medium,0.7813556
150,26,Nonwall,218,red,110.44,151.41714,26.880000000000003,24.96,0.065,0.9,0.09825,10900,-1,0.0,1.0,0,-1,0.0,0.0,5.0,18.0,211,3,3,1,2,1,7,16,4,6,10,2,0.009615384615384616,1.0,0.028037383177570093,1,2,3,0,0.0,1.0,0.025974025974025976,High,High,0.9436942
151,27,Nonwall,198,blue,145.56,133.74857,-26.880000000000003,-24.96,0.00875,0.1,0.09825,9900,-1,1.0,0.0,0,-1,1.0,0.0,6.0,12.0,191,3,3,1,2,3,1,5,4,4,1,1,0.005263157894736842,0.125,0.020618556701030927,2,2,1,1,0.008928571428571428,0.25,0.017543859649122806,Low,Low,-0.8477828
152,28,Nonwall,210,red,145.56,137.2,-26.880000000000003,-28.8,0.00875,0.5,0.09825,10500,-1,1.0,0.0,1,-1,1.0,0.0,7.0,14.0,203,1,1,2,3,1,1,4,4,5,5,1,0.004975124378109453,0.5555555555555556,0.024271844660194174,2,2,2,1,0.010101010101010102,0.5,0.019801980198019802,Low,Medium,-0.43154463
153,29,Nonwall,332,green,110.44,110.22857,26.880000000000003,-28.8,0.065,0.9,0.09825,16600,-1,0.0,0.0,1,-1,0.0,0.0,3.0,5.0,325,1,1,2,3,2,5,14,9,4,12,7,0.0219435736677116,0.9230769230769231,0.01238390092879257,2,2,3,3,0.024193548387096774,0.75,0.015873015873015872,High,High,0.8172657
154,30,Nonwall,157,blue,145.56,119.16572,-26.880000000000003,-24.96,0.065,0.1,0.09825,7850,-1,1.0,0.0,0,-1,1.0,0.0,4.0,8.0,150,3,3,1,2,3,2,6,3,4,1,5,0.03333333333333333,0.14285714285714285,0.025974025974025976,1,2,0,1,0.02,0.0,0.038461538461538464,High,Low,-0.70203334
155,31,Nonwall,237,green,145.56,151.41714,-26.880000000000003,24.96,0.00875,0.5,0.09825,11850,-1,1.0,1.0,0,-1,1.0,0.0,5.0,18.0,230,2,2,3,1,2,3,7,6,3,2,0,0.0,0.2222222222222222,0.012987012987012988,2,1,1,0,0.0,0.3333333333333333,0.00819672131147541,Low,Medium,-0.7777778
156,32,Nonwall,285,red,145.56,136.83429,-26.880000000000003,24.96,0.00875,0.9,0.09825,14250,-1,1.0,1.0,0,-1,1.0,0.0,3.0,13.0,278,1,1,2,3,1,6,10,5,6,9,1,0.0036496350364963502,0.8181818181818182,0.02142857142857143,2,3,4,0,0.0,0.8,0.02586206896551724,Low,High,-0.17803419
157,33,Nonwall,189,blue,110.44,90.0,26.880000000000003,-28.8,0.065,0.1,0.09825,9450,-1,0.0,0.0,1,-1,0.0,0.0,0.0,0.0,182,3,3,1,2,3,7,2,3,5,0,4,0.022099447513812154,0.0,0.026881720430107527,1,3,0,4,0.03389830508474576,0.0,0.024793388429752067,High,Low,-0.87471867
158,34,Nonwall,163,green,110.44,125.542854,26.880000000000003,28.8,0.065,0.5,0.09825,8150,-1,0.0,1.0,1,-1,0.0,0.0,1.0,10.0,156,2,2,3,1,2,8,1,3,3,2,5,0.03184713375796178,0.3333333333333333,0.01875,1,1,1,2,0.03125,0.5,0.015384615384615385,High,Medium,-0.5538463
159,35,Nonwall,172,red,110.44,90.0,26.880000000000003,-28.8,0.00875,0.9,0.09825,8600,-1,0.0,0.0,1,-1,0.0,0.0,0.0,0.0,165,3,3,1,2,1,5,7,5,2,7,1,0.006060606060606061,1.0,0.011976047904191617,1,2,3,0,0.0,1.0,0.028985507246376812,Low,High,0.96418726
160,36,Nonwall,204,blue,145.56,97.29143,-26.880000000000003,-24.96,0.00875,0.1,0.09825,10200,-1,1.0,0.0,0,-1,1.0,0.0,1.0,2.0,197,3,3,1,2,3,6,7,6,4,2,2,0.010309278350515464,0.2,0.020202020202020204,2,2,0,0,0.0,0.0,0.024096385542168676,Low,Low,-0.75209635
